{"score_min": -0.04547862548513193, "score_max": 0.14923206186665394, "offset": -0.6215726487538299}