{"score_min": -0.04741409081253234, "score_max": 0.1503543251378494}