{"score_min": -0.04754029834229556, "score_max": 0.15355904962640837}