{"score_min": -0.04672057408466257, "score_max": 0.16422652537765142}